filename,id,agency,type,url,extension,posted_date,title
.DS_Store,,,,,,,
CFPB-2021-0001-0023.htm,,,,,,,
CFPB-2021-0005-0002.htm,,,,,,,
CFPB-2021-0015-0003.htm,,,,,,,
CFPB-2021-0015-0004.htm,,,,,,,
CFPB-2021-0015-0005.htm,,,,,,,
CFPB-2021-0015-0006.htm,,,,,,,
CFPB-2021-0015-0007.htm,,,,,,,
CFPB-2021-0015-0008.htm,,,,,,,
CFPB-2021-0015-0009.htm,,,,,,,
CFPB-2021-0015-0010.htm,,,,,,,
CFPB-2021-0015-0011.htm,,,,,,,
CFPB-2021-0015-0012.htm,,,,,,,
CFPB-2021-0015-0013.htm,,,,,,,
CFPB-2021-0015-0014.htm,,,,,,,
CFPB-2021-0015-0015.htm,,,,,,,
CFPB-2021-0015-0016.htm,,,,,,,
CFPB-2021-0015-0017.htm,,,,,,,
CFPB-2021-0015-0018.htm,,,,,,,
CFPB-2021-0015-0019.htm,,,,,,,
CFPB-2021-0015-0020.htm,,,,,,,
CFPB-2021-0015-0021.htm,,,,,,,
CFPB-2021-0015-0022.htm,,,,,,,
CFPB-2021-0015-0023.htm,,,,,,,
CFPB-2021-0015-0024.htm,,,,,,,
CFPB-2021-0015-0025.htm,,,,,,,
CFPB-2021-0015-0026.htm,,,,,,,
CFPB-2021-0015-0027.htm,,,,,,,
CFPB-2021-0015-0028.htm,,,,,,,
CFPB-2021-0015-0029.htm,,,,,,,
CFPB-2021-0015-0030.htm,,,,,,,
CFPB-2021-0015-0031.htm,,,,,,,
CFPB-2021-0015-0032.htm,,,,,,,
CFPB-2021-0015-0033.htm,,,,,,,
CFPB-2021-0015-0034.htm,,,,,,,
CFPB-2021-0015-0035.htm,,,,,,,
CFPB-2021-0015-0036.htm,,,,,,,
CFPB-2021-0015-0037.htm,,,,,,,
CFPB-2021-0015-0038.htm,,,,,,,
CFPB-2021-0015-0039.htm,,,,,,,
CFPB-2021-0015-0040.htm,,,,,,,
CFPB-2021-0015-0041.htm,,,,,,,
CFPB-2021-0015-0042.htm,,,,,,,
CFPB-2021-0015-0043.htm,,,,,,,
CFPB-2021-0015-0044.htm,,,,,,,
CFPB-2021-0015-0045.htm,,,,,,,
CFPB-2021-0015-0046.htm,,,,,,,
CFPB-2021-0015-0047.htm,,,,,,,
CFPB-2021-0015-0048.htm,,,,,,,
CFPB-2021-0015-0049.htm,,,,,,,
CFPB-2021-0015-0050.htm,,,,,,,
CFPB-2021-0015-0051.htm,,,,,,,
CFPB-2021-0015-0052.htm,,,,,,,
CFPB-2021-0015-0053.htm,,,,,,,
CFPB-2021-0015-0054.htm,,,,,,,
CFPB-2021-0015-0055.htm,,,,,,,
CFPB-2021-0015-0056.htm,,,,,,,
CFPB-2021-0015-0057.htm,,,,,,,
CFPB-2021-0015-0058.htm,,,,,,,
CFPB-2021-0015-0059.htm,,,,,,,
CFPB-2021-0015-0060.htm,,,,,,,
CFPB-2021-0015-0061.htm,,,,,,,
CFPB-2021-0015-0062.htm,,,,,,,
CFPB-2021-0015-0063.htm,,,,,,,
CFPB-2021-0015-0064.htm,,,,,,,
CFPB-2021-0015-0065.htm,,,,,,,
CFPB-2021-0015-0066.htm,,,,,,,
CFPB-2021-0015-0067.htm,,,,,,,
CFPB-2021-0015-0068.htm,,,,,,,
CFPB-2021-0015-0069.htm,,,,,,,
CFPB-2021-0015-0070.htm,,,,,,,
CFPB-2021-0015-0071.htm,,,,,,,
CFPB-2021-0015-0072.htm,,,,,,,
CFPB-2021-0015-0073.htm,,,,,,,
CFPB-2021-0015-0074.htm,,,,,,,
CFPB-2021-0015-0075.htm,,,,,,,
CFPB-2021-0015-0076.htm,,,,,,,
CFPB-2021-0015-0077.htm,,,,,,,
CFPB-2021-0015-0078.htm,,,,,,,
CFPB-2021-0015-0079.htm,,,,,,,
CFPB-2021-0015-0246.htm,,,,,,,
CFPB-2022-0009-0002.htm,,,,,,,
CFPB-2022-0013-0001.htm,,,,,,,
CFPB-2022-0013-0002.htm,,,,,,,
CFPB-2022-0014-0001.htm,,,,,,,
CFPB-2022-0015-0001.htm,,,,,,,
CFPB-2022-0016-0001.htm,,,,,,,
CFPB-2022-0019-0001.htm,,,,,,,
CFPB-2022-0027-0001.htm,,,,,,,
CFPB-2022-0027-0057.htm,,,,,,,
CFPB-2022-0036-0001.htm,,,,,,,
CFPB-2022-0037-0001.htm,,,,,,,
CFPB-2022-0042-0001.htm,,,,,,,
CFPB-2022-0047-0001.htm,,,,,,,
CFPB-2022-0049-0001.htm,,,,,,,
CFPB-2022-0049-0002.htm,,,,,,,
CFPB-2022-0050-0001.htm,,,,,,,
CFPB-2022-0052-0001.htm,,,,,,,
CFPB-2022-0053-0001.htm,,,,,,,
CFPB-2022-0053-0004.htm,,,,,,,
CFPB-2022-0061-0001.htm,,,,,,,
CFPB-2022-0064-0001.htm,,,,,,,
CFPB-2022-0067-0001.htm,,,,,,,
CFPB-2022-0070-0001.htm,,,,,,,
CFPB-2022-0070-0002.htm,,,,,,,
CFPB-2022-0070-0019.htm,,,,,,,
CFPB-2022-0075-0001.htm,,,,,,,
CFPB-2022-0075-0028.htm,,,,,,,
CFPB-2023-0008-0001.htm,,,,,,,
CFPB-2023-0011-0001.htm,,,,,,,
CFPB-2023-0016-0001.htm,,,,,,,
CFPB-2023-0016-0002.htm,,,,,,,
CFPB-2023-0021-0001.htm,,,,,,,
CFPB-2023-0024-0001.htm,,,,,,,
CFPB-2023-0025-0004.htm,,,,,,,
CFPB-2023-0025-0005.htm,,,,,,,
CFPB-2023-0025-0006.htm,,,,,,,
CFPB-2023-0025-0007.htm,,,,,,,
CFPB-2023-0025-0008.htm,,,,,,,
CFPB-2023-0025-0009.htm,,,,,,,
CFPB-2023-0025-0010.htm,,,,,,,
CFPB-2023-0025-0011.htm,,,,,,,
CFPB-2023-0025-0012.htm,,,,,,,
CFPB-2023-0025-0013.htm,,,,,,,
CFPB-2023-0025-0014.htm,,,,,,,
CFPB-2023-0025-0015.htm,,,,,,,
CFPB-2023-0027-0001.htm,,,,,,,
CFPB-2023-0028-0001.htm,,,,,,,
CFPB-2023-0032-0001.htm,,,,,,,
CFPB-2023-0044-0001.htm,,,,,,,
CFPB-2023-0045-0001.htm,,,,,,,
CFPB-2023-0046-0001.htm,,,,,,,
CFPB-2023-0047-0001.htm,,,,,,,
CFPB-2023-0051-0001.htm,,,,,,,
CFPB-2023-0052-0002.htm,,,,,,,
CFPB-2024-0005-0001.htm,,,,,,,
CFPB-2024-0008-0001.htm,,,,,,,
CFPB-2024-0009-0001.htm,,,,,,,
CFPB-2024-0010-0001.htm,,,,,,,
CFPB-2024-0012-0001.htm,,,,,,,
CFPB-2024-0015-0001.htm,,,,,,,
CFPB-2024-0016-0001.htm,,,,,,,
CFPB-2024-0019-0001.htm,,,,,,,
CFPB-2024-0020-0001.htm,,,,,,,
CFPB-2024-0028-0001.htm,,,,,,,
CFPB-2024-0033-0001.htm,,,,,,,
CFPB-2024-0036-0001.htm,,,,,,,
CFPB-2024-0037-0001.htm,,,,,,,
CFPB-2024-0038-0001.htm,,,,,,,
CFPB-2024-0040-0001.htm,,,,,,,
CFPB-2024-0040-0002.htm,,,,,,,
CFPB-2024-0040-0003.htm,,,,,,,
CFPB-2024-0041-0001.htm,,,,,,,
CFPB-2024-0043-0001.htm,,,,,,,
CFPB-2024-0046-0001.htm,,,,,,,
CFPB-2024-0047-0001.htm,,,,,,,
CFPB-2024-0048-0001.htm,,,,,,,
CFPB-2024-0051-0001.htm,,,,,,,
FDIC-2007-0077-0001.htm,,,,,,,
FDIC-2008-0027-0001.htm,,,,,,,
FDIC-2008-0090-0001.htm,,,,,,,
FDIC-2009-0033-0001.htm,,,,,,,
FDIC-2009-0108-0001.htm,,,,,,,
FDIC-2010-0036-0001.htm,,,,,,,
FDIC-2023-0016-0001.htm,,,,,,,
FDIC-2023-0017-0001.htm,,,,,,,
FDIC-2023-0068-0001.htm,,,,,,,
FRS-2009-0339-0001.htm,,,,,,,
FRS-2010-0110-0001.htm,,,,,,,
OCC-2006-0035-0003.htm,,,,,,,
OCC-2006-0035-0059.htm,,,,,,,
OCC-2006-0035-0061.htm,,,,,,,
OCC-2006-0035-0062.htm,,,,,,,
OCC-2006-0035-0063.htm,,,,,,,
OCC-2006-0035-0064.htm,,,,,,,
OCC-2006-0035-0065.htm,,,,,,,
OCC-2006-0035-0066.htm,,,,,,,
OCC-2006-0035-0067.htm,,,,,,,
OCC-2006-0035-0077.htm,,,,,,,
OCC-2006-0035-0079.htm,,,,,,,
OCC-2006-0035-0080.htm,,,,,,,
OCC-2006-0035-0081.htm,,,,,,,
OCC-2006-0035-0082.htm,,,,,,,
OCC-2006-0049-0003.htm,,,,,,,
OCC-2009-0009-0001.htm,,,,,,,
OCC-2009-0012-0011.htm,,,,,,,
OCC-2009-0012-0012.htm,,,,,,,
OCC-2009-0012-0013.htm,,,,,,,
OCC-2009-0012-0027.htm,,,,,,,
OCC-2009-0013-0001.htm,,,,,,,
OCC-2009-0013-0027.htm,,,,,,,
OCC-2010-0007-0002.htm,,,,,,,
OCC-2010-0011-0001.htm,,,,,,,
OCC-2010-0011-0081.htm,,,,,,,
OCC-2010-0011-0082.htm,,,,,,,
OCC-2010-0011-0083.htm,,,,,,,
OCC-2010-0011-0084.htm,,,,,,,
OCC-2010-0011-0085.htm,,,,,,,
OCC-2010-0011-0086.htm,,,,,,,
OCC-2010-0011-0087.htm,,,,,,,
OCC-2010-0011-0088.htm,,,,,,,
OCC-2010-0011-0089.htm,,,,,,,
OCC-2010-0011-0090.htm,,,,,,,
OCC-2010-0011-0091.htm,,,,,,,
OCC-2010-0011-0092.htm,,,,,,,
OCC-2010-0011-0093.htm,,,,,,,
OCC-2010-0011-0094.htm,,,,,,,
OCC-2010-0011-0095.htm,,,,,,,
OCC-2010-0011-0096.htm,,,,,,,
OCC-2010-0011-0097.htm,,,,,,,
OCC-2010-0011-0098.htm,,,,,,,
OCC-2010-0011-0099.htm,,,,,,,
OCC-2010-0011-0100.htm,,,,,,,
OCC-2010-0011-0101.htm,,,,,,,
OCC-2010-0011-0102.htm,,,,,,,
OCC-2010-0011-0103.htm,,,,,,,
OCC-2010-0011-0104.htm,,,,,,,
OCC-2010-0011-0105.htm,,,,,,,
OCC-2010-0011-0106.htm,,,,,,,
OCC-2010-0011-0107.htm,,,,,,,
OCC-2010-0011-0108.htm,,,,,,,
OCC-2010-0011-0109.htm,,,,,,,
OCC-2010-0011-0110.htm,,,,,,,
OCC-2010-0011-0111.htm,,,,,,,
OCC-2010-0011-0112.htm,,,,,,,
OCC-2010-0011-0113.htm,,,,,,,
OCC-2010-0011-0114.htm,,,,,,,
OCC-2010-0011-0115.htm,,,,,,,
OCC-2010-0011-0116.htm,,,,,,,
OCC-2010-0011-0117.htm,,,,,,,
OCC-2010-0011-0118.htm,,,,,,,
OCC-2010-0011-0119.htm,,,,,,,
OCC-2010-0011-0120.htm,,,,,,,
OCC-2010-0011-0121.htm,,,,,,,
OCC-2010-0011-0122.htm,,,,,,,
OCC-2010-0011-0123.htm,,,,,,,
OCC-2010-0011-0124.htm,,,,,,,
OCC-2010-0011-0125.htm,,,,,,,
OCC-2010-0011-0126.htm,,,,,,,
OCC-2010-0011-0127.htm,,,,,,,
OCC-2010-0011-0128.htm,,,,,,,
OCC-2010-0011-0129.htm,,,,,,,
OCC-2010-0011-0130.htm,,,,,,,
OCC-2010-0011-0131.htm,,,,,,,
OCC-2010-0011-0132.htm,,,,,,,
OCC-2010-0011-0133.htm,,,,,,,
OCC-2010-0011-0134.htm,,,,,,,
OCC-2010-0011-0142.htm,,,,,,,
OCC-2010-0011-0143.htm,,,,,,,
OCC-2010-0011-0144.htm,,,,,,,
OCC-2010-0011-0145.htm,,,,,,,
OCC-2010-0011-0146.htm,,,,,,,
OCC-2010-0011-0147.htm,,,,,,,
OCC-2010-0011-0148.htm,,,,,,,
OCC-2010-0011-0149.htm,,,,,,,
OCC-2010-0011-0150.htm,,,,,,,
OCC-2010-0011-0151.htm,,,,,,,
OCC-2010-0011-0152.htm,,,,,,,
OCC-2010-0011-0153.htm,,,,,,,
OCC-2010-0011-0154.htm,,,,,,,
OCC-2010-0011-0155.htm,,,,,,,
OCC-2010-0011-0156.htm,,,,,,,
OCC-2010-0011-0157.htm,,,,,,,
OCC-2010-0011-0158.htm,,,,,,,
OCC-2010-0011-0159.htm,,,,,,,
OCC-2010-0011-0160.htm,,,,,,,
OCC-2010-0011-0161.htm,,,,,,,
OCC-2010-0011-0162.htm,,,,,,,
OCC-2010-0011-0163.htm,,,,,,,
OCC-2010-0011-0164.htm,,,,,,,
OCC-2010-0011-0165.htm,,,,,,,
OCC-2010-0011-0166.htm,,,,,,,
OCC-2010-0011-0167.htm,,,,,,,
OCC-2010-0011-0168.htm,,,,,,,
OCC-2010-0011-0169.htm,,,,,,,
OCC-2010-0011-0170.htm,,,,,,,
OCC-2010-0011-0171.htm,,,,,,,
OCC-2010-0011-0172.htm,,,,,,,
OCC-2010-0011-0173.htm,,,,,,,
OCC-2010-0011-0174.htm,,,,,,,
OCC-2010-0011-0175.htm,,,,,,,
OCC-2010-0011-0176.htm,,,,,,,
OCC-2010-0011-0177.htm,,,,,,,
OCC-2010-0011-0178.htm,,,,,,,
OCC-2010-0011-0179.htm,,,,,,,
OCC-2010-0011-0180.htm,,,,,,,
OCC-2010-0011-0181.htm,,,,,,,
OCC-2010-0011-0182.htm,,,,,,,
OCC-2010-0011-0183.htm,,,,,,,
OCC-2010-0011-0184.htm,,,,,,,
OCC-2010-0011-0185.htm,,,,,,,
OCC-2010-0011-0186.htm,,,,,,,
OCC-2010-0011-0187.htm,,,,,,,
OCC-2010-0011-0188.htm,,,,,,,
OCC-2010-0011-0189.htm,,,,,,,
OCC-2010-0011-0202.htm,,,,,,,
OCC-2011-0001-2447.htm,,,,,,,
OCC-2011-0001-2449.htm,,,,,,,
OCC-2011-0001-2450.htm,,,,,,,
OCC-2011-0001-2451.htm,,,,,,,
OCC-2014-0029-0054.htm,,,,,,,
OCC-2019-0013-0013.htm,,,,,,,
OCC-2019-0013-0014.htm,,,,,,,
OCC-2020-0043-0005.htm,,,,,,,
OCC-2020-0043-0006.htm,,,,,,,
OCC-2020-0043-0007.htm,,,,,,,
OCC-2020-0047-0001.htm,,,,,,,
OCC-2020-0049-0001.htm,,,,,,,
OCC-2020-0049-0007.htm,,,,,,,
OCC-2021-0001-0001.htm,,,,,,,
OCC-2021-0011-0001.htm,,,,,,,
OCC-2021-0011-0009.htm,,,,,,,
OCC-2021-0011-0057.htm,,,,,,,
OCC-2021-0011-0058.htm,,,,,,,
OCC-2021-0011-0059.htm,,,,,,,
OCC-2021-0011-0060.htm,,,,,,,
OCC-2021-0012-0001.htm,,,,,,,
OCC-2021-0013-0001.htm,,,,,,,
OCC-2021-0014-0002.htm,,,,,,,
OCC-2021-0017-0001.htm,,,,,,,
OCC-2021-0022-0001.htm,,,,,,,
OCC-2021-0023-0001.htm,,,,,,,
OCC-2021-0023-0317.htm,,,,,,,
OCC-2021-0023-0318.htm,,,,,,,
OCC-2021-0023-0319.htm,,,,,,,
OCC-2021-0023-0320.htm,,,,,,,
OCC-2021-0023-0321.htm,,,,,,,
OCC-2021-0024-0001.htm,,,,,,,
OCC-2022-0002-0012.htm,,,,,,,
OCC-2022-0002-0013.htm,,,,,,,
OCC-2022-0002-0015.htm,,,,,,,
OCC-2022-0002-0016.htm,,,,,,,
OCC-2022-0002-0017.htm,,,,,,,
OCC-2022-0002-0018.htm,,,,,,,
OCC-2022-0002-0019.htm,,,,,,,
OCC-2022-0002-0020.htm,,,,,,,
OCC-2022-0002-0021.htm,,,,,,,
OCC-2022-0002-0045.htm,,,,,,,
OCC-2022-0002-0046.htm,,,,,,,
OCC-2022-0002-0047.htm,,,,,,,
OCC-2022-0002-0180.htm,,,,,,,
OCC-2022-0002-0181.htm,,,,,,,
OCC-2022-0002-0182.htm,,,,,,,
OCC-2022-0002-0281.htm,,,,,,,
OCC-2022-0002-0282.htm,,,,,,,
OCC-2022-0002-0560.htm,,,,,,,
OCC-2022-0002-0561.htm,,,,,,,
OCC-2022-0002-0562.htm,,,,,,,
OCC-2022-0002-0563.htm,,,,,,,
OCC-2022-0002-0564.htm,,,,,,,
OCC-2022-0002-0675.htm,,,,,,,
OCC-2022-0002-0676.htm,,,,,,,
OCC-2022-0002-0677.htm,,,,,,,
OCC-2022-0002-0678.htm,,,,,,,
OCC-2022-0002-0679.htm,,,,,,,
OCC-2022-0002-0680.htm,,,,,,,
OCC-2022-0002-0681.htm,,,,,,,
OCC-2022-0002-0682.htm,,,,,,,
OCC-2022-0002-0683.htm,,,,,,,
OCC-2022-0002-0684.htm,,,,,,,
OCC-2022-0002-0685.htm,,,,,,,
OCC-2022-0002-0686.htm,,,,,,,
OCC-2022-0002-0692.htm,,,,,,,
OCC-2022-0003-0001.htm,,,,,,,
OCC-2022-0005-0001.htm,,,,,,,
OCC-2022-0010-0001.htm,,,,,,,
OCC-2022-0015-0001.htm,,,,,,,
OCC-2022-0015-0003.htm,,,,,,,
OCC-2022-0016-0001.htm,,,,,,,
OCC-2022-0017-0001.htm,,,,,,,
OCC-2022-0021-0001.htm,,,,,,,
OCC-2022-0022-0001.htm,,,,,,,
OCC-2022-0023-0001.htm,,,,,,,
OCC-2022-0024-0001.htm,,,,,,,
OCC-2023-0002-0001.htm,,,,,,,
OCC-2023-0002-0002.htm,,,,,,,
OCC-2023-0003-0001.htm,,,,,,,
OCC-2023-0008-0001.htm,,,,,,,
OCC-2023-0008-0011.htm,,,,,,,
OCC-2023-0008-0012.htm,,,,,,,
OCC-2023-0008-0013.htm,,,,,,,
OCC-2023-0008-0014.htm,,,,,,,
OCC-2023-0008-0030.htm,,,,,,,
OCC-2023-0008-0031.htm,,,,,,,
OCC-2023-0008-0032.htm,,,,,,,
OCC-2023-0008-0033.htm,,,,,,,
OCC-2023-0008-0039.htm,,,,,,,
OCC-2023-0008-0040.htm,,,,,,,
OCC-2023-0008-0053.htm,,,,,,,
OCC-2023-0008-0066.htm,,,,,,,
OCC-2023-0008-0221.htm,,,,,,,
OCC-2023-0008-0222.htm,,,,,,,
OCC-2023-0008-0223.htm,,,,,,,
OCC-2023-0008-0224.htm,,,,,,,
OCC-2023-0008-0225.htm,,,,,,,
OCC-2023-0008-0226.htm,,,,,,,
OCC-2023-0008-0227.htm,,,,,,,
OCC-2023-0008-0228.htm,,,,,,,
OCC-2023-0008-0229.htm,,,,,,,
OCC-2023-0008-0233.htm,,,,,,,
OCC-2023-0008-0239.htm,,,,,,,
OCC-2023-0008-0240.htm,,,,,,,
OCC-2023-0008-0241.htm,,,,,,,
OCC-2023-0008-0242.htm,,,,,,,
OCC-2023-0008-0243.htm,,,,,,,
OCC-2023-0008-0244.htm,,,,,,,
OCC-2023-0008-0249.htm,,,,,,,
OCC-2023-0008-0250.htm,,,,,,,
OCC-2023-0008-0251.htm,,,,,,,
OCC-2023-0008-0252.htm,,,,,,,
OCC-2023-0008-0253.htm,,,,,,,
OCC-2023-0008-0254.htm,,,,,,,
OCC-2023-0008-0255.htm,,,,,,,
OCC-2023-0008-0256.htm,,,,,,,
OCC-2023-0008-0257.htm,,,,,,,
OCC-2023-0008-0258.htm,,,,,,,
OCC-2023-0008-0259.htm,,,,,,,
OCC-2023-0008-0260.htm,,,,,,,
OCC-2023-0008-0263.htm,,,,,,,
OCC-2023-0008-0264.htm,,,,,,,
OCC-2023-0008-0265.htm,,,,,,,
OCC-2023-0008-0266.htm,,,,,,,
OCC-2023-0008-0267.htm,,,,,,,
OCC-2023-0008-0268.htm,,,,,,,
OCC-2023-0008-0269.htm,,,,,,,
OCC-2023-0008-0270.htm,,,,,,,
OCC-2023-0008-0271.htm,,,,,,,
OCC-2023-0008-0272.htm,,,,,,,
OCC-2023-0008-0273.htm,,,,,,,
OCC-2023-0011-0008.htm,,,,,,,
OCC-2023-0011-0012.htm,,,,,,,
OCC-2023-0011-0038.htm,,,,,,,
OCC-2023-0011-0040.htm,,,,,,,
OCC-2023-0011-0041.htm,,,,,,,
OCC-2023-0011-0042.htm,,,,,,,
OCC-2023-0011-0043.htm,,,,,,,
OCC-2023-0011-0044.htm,,,,,,,
OCC-2023-0011-0045.htm,,,,,,,
OCC-2023-0015-0001.htm,,,,,,,
OCC-2023-0017-0004.htm,,,,,,,
OCC-2023-0017-0007.htm,,,,,,,
OCC-2023-0017-0013.htm,,,,,,,
OCC-2024-0005-0003.htm,,,,,,,
OCC-2024-0006-0001.htm,,,,,,,
OCC-2024-0006-0002.htm,,,,,,,
OCC-2024-0008-0004.htm,,,,,,,
OCC-2024-0008-0009.htm,,,,,,,
OCC-2024-0014-0001.htm,,,,,,,
OCC-2024-0014-0014.htm,,,,,,,
SEC-2009-1708-0001.htm,,,,,,,
SEC-2010-1963-0001.htm,,,,,,,
TREAS-DO-2007-0016-0001.htm,,,,,,,
TREAS-DO-2007-0018-0001.htm,,,,,,,
TREAS-DO-2008-0001-0001.htm,,,,,,,
TREAS-DO-2008-0001-0002.htm,,,,,,,
TREAS-DO-2008-0001-0003.htm,,,,,,,
TREAS-DO-2008-0001-0027.htm,,,,,,,
TREAS-DO-2008-0018-0001.htm,,,,,,,
TREAS-DO-2008-0019-0001.htm,,,,,,,
TREAS-DO-2008-0019-0005.htm,,,,,,,
TREAS-DO-2009-0007-0001.htm,,,,,,,
TREAS-DO-2009-0008-0001.htm,,,,,,,
TREAS-DO-2020-0021-0047.htm,,,,,,,
TREAS-DO-2021-0001-0001.htm,,,,,,,
TREAS-DO-2021-0002-0001.htm,,,,,,,
TREAS-DO-2021-0003-0001.htm,,,,,,,
TREAS-DO-2021-0004-0001.htm,,,,,,,
TREAS-DO-2021-0006-0001.htm,,,,,,,
TREAS-DO-2021-0009-0001.htm,,,,,,,
TREAS-DO-2021-0010-0001.htm,,,,,,,
TREAS-DO-2021-0011-0001.htm,,,,,,,
TREAS-DO-2021-0011-0002.htm,,,,,,,
TREAS-DO-2021-0013-0001.htm,,,,,,,
TREAS-DO-2021-0014-0001.htm,,,,,,,
TREAS-DO-2021-0015-0001.htm,,,,,,,
TREAS-DO-2021-0016-0001.htm,,,,,,,
TREAS-DO-2021-0017-0001.htm,,,,,,,
TREAS-DO-2021-0018-0001.htm,,,,,,,
TREAS-DO-2021-0019-0001.htm,,,,,,,
TREAS-DO-2021-0019-0002.htm,,,,,,,
TREAS-DO-2021-0022-0001.htm,,,,,,,
TREAS-DO-2022-0001-0001.htm,,,,,,,
TREAS-DO-2022-0002-0001.htm,,,,,,,
TREAS-DO-2022-0003-0001.htm,,,,,,,
TREAS-DO-2022-0007-0001.htm,,,,,,,
TREAS-DO-2022-0008-0001.htm,,,,,,,
TREAS-DO-2022-0008-0002.htm,,,,,,,
TREAS-DO-2022-0009-0001.htm,,,,,,,
TREAS-DO-2022-0011-0001.htm,,,,,,,
TREAS-DO-2022-0011-0002.htm,,,,,,,
TREAS-DO-2022-0011-0011.htm,,,,,,,
TREAS-DO-2022-0011-0012.htm,,,,,,,
TREAS-DO-2022-0011-0013.htm,,,,,,,
TREAS-DO-2022-0012-0001.htm,,,,,,,
TREAS-DO-2022-0013-0001.htm,,,,,,,
TREAS-DO-2022-0014-0001.htm,,,,,,,
TREAS-DO-2022-0016-0001.htm,,,,,,,
TREAS-DO-2022-0017-0001.htm,,,,,,,
TREAS-DO-2022-0017-0007.htm,,,,,,,
TREAS-DO-2022-0018-0001.htm,,,,,,,
TREAS-DO-2022-0019-0001.htm,,,,,,,
TREAS-DO-2022-0019-0008.htm,,,,,,,
TREAS-DO-2022-0020-0001.htm,,,,,,,
TREAS-DO-2022-0020-0013.htm,,,,,,,
TREAS-DO-2022-0021-0001.htm,,,,,,,
TREAS-DO-2022-0022-0001.htm,,,,,,,
TREAS-DO-2022-0023-0001.htm,,,,,,,
TREAS-FINCEN-2007-0011-0001.htm,,,,,,,
TREAS-FINCEN-2007-0019-0001.htm,,,,,,,
TREAS-FINCEN-2007-0019-0002.htm,,,,,,,
TREAS-FINCEN-2008-0002-0001.htm,,,,,,,
TREAS-FINCEN-2008-0003-0001.htm,,,,,,,
TREAS-FINCEN-2008-0004-0001.htm,,,,,,,
TREAS-FINCEN-2008-0005-0001.htm,,,,,,,
TREAS-FINCEN-2008-0006-0001.htm,,,,,,,
TREAS-FINCEN-2008-0007-0001.htm,,,,,,,
TREAS-FINCEN-2008-0007-0006.htm,,,,,,,
TREAS-FINCEN-2008-0008-0001.htm,,,,,,,
TREAS-FINCEN-2008-0010-0001.htm,,,,,,,
TREAS-FINCEN-2008-0020-0001.htm,,,,,,,
TREAS-FINCEN-2008-0020-0010.htm,,,,,,,
TREAS-FINCEN-2008-0020-0011.htm,,,,,,,
TREAS-FINCEN-2008-0021-0001.htm,,,,,,,
TREAS-FINCEN-2008-0021-0002.htm,,,,,,,
TREAS-FINCEN-2008-0022-0001.htm,,,,,,,
TREAS-FINCEN-2008-0022-0002.htm,,,,,,,
TREAS-FINCEN-2008-0022-0003.htm,,,,,,,
TREAS-FINCEN-2008-0024-0001.htm,,,,,,,
TREAS-FINCEN-2008-0024-0002.htm,,,,,,,
TREAS-FINCEN-2008-0025-0001.htm,,,,,,,
TREAS-FINCEN-2008-0026-0001.htm,,,,,,,
TREAS-FINCEN-2009-0002-0001.htm,,,,,,,
TREAS-FINCEN-2009-0003-0001.htm,,,,,,,
TREAS-FINCEN-2009-0004-0001.htm,,,,,,,
TREAS-FINCEN-2009-0006-0001.htm,,,,,,,
TREAS-FINCEN-2009-0010-0001.htm,,,,,,,
TREAS-FINCEN-2009-0010-0002.htm,,,,,,,
TREAS-TRIP-2008-0016-0001.htm,,,,,,,
TREAS-TRIP-2021-0007-0001.htm,,,,,,,
TREAS-TRIP-2021-0020-0001.htm,,,,,,,
TREAS-TRIP-2022-0010-0001.htm,,,,,,,
